title,casts,directors,writers,genres,certificate,release_date,countries_of_origin,languages,production_companies,gross_worldwide,budget,runtime,color,sound_mix,aspect_ratio,score,votes,user_reviews,critic_reviews,metascore
Kadhal Vizhigal,"Sri Sumathy,","Sri Sumathy,",,"Drama,",,"January 3, 2020 (India)","India,","Tamil,",,,,2h,Color,,,,,,,
Aekh,"Stars,Assem Samy,Rasheed Rafaat,Kerollos Mathew,,","Fady Atef,","Fady Atef,George Ezzat,","Biography,",,"October 31, 2019 (Egypt)","Egypt,","Arabic,Hebrew,English,",,,,,Color,,,,,,,
Legs,"Stars,Vincent Wolff,Kay Lofton,Brian Aceti,,","Michael Loayza,","Michael Loayza,","Action,Adventure,Comedy,Crime,",,"January 18, 2019 (United States)","United States,","English,",,,,1h 48min,Color,,,,,,,
Death in Berruecos,"Stars,Luis Gerónimo Abreu,Malena Gonzalez,Laureano Olivares,,","Caupolican Ovalles,","Edgar Narvaez,Caupolican Ovalles,","History,Thriller,",,"April 11, 2018 (Venezuela)","Venezuela,Ecuador,Panama,","Spanish,","Digivision Producciones,Somos Films,",,"$1,200 (estimated)",1h 42min,Color,,2.35 : 1,7.2/10,6,,,
Distante Cercanía - La ley del más vivo,"Stars,Christoph Baumann,Gonzalo Estupiñan,Jorge Alejandro Fegan,,","Alex Schlenker,Diego Coral López,","Diego Coral López,","Adventure,Comedy,History,",,"September 20, 2013 (Ecuador)","Ecuador,","Spanish,",,,"$140,000 (estimated)",1h 28min,Color,,,7.0/10,12,1,,
Hitler Upside Down,"Stars,Mishka Halim,Santilal Mukherjee,Devjeet Niyogi,,","Ilmaz Syed,","Ilmaz Syed,","Adventure,Comedy,",,"January 9, 2019 (India)","India,","English,","IlmishkaDuniya Cinemas,",,"₹700,000 (estimated)",1h 17min,Color,,,,,,,
Art of Roxanne's Clippered Haircut,"Claudia Anderson,Lexee Crystal Harris,Kat Surth,","Kat Surth,",,"Reality-TV,",Not Rated,"March 14, 2015 (United States)","United States,","English,","A Kat Surth Film,",,"$15,000 (estimated)",52min,Color,,16:9 HD,,,,,
The Skater,"Nikita Kopytin,Antonina Kraevskaya,","Alexey Kraevsky,","Alexey Kraevsky,","Drama,",,,"Russia,","Russian,","Pravda Films,",,,1h 4min,Color,,,,,,,
God svini,"Stars,Yuliya Aleksandrova,Aleksandr Yatsenko,Alina Alekseeva,,","Semyon Yakovlev,","Oleg Khaybullin,Vasily Pavlov,Ilya Petrukhin,","Comedy,",,"December 27, 2018 (Russia)","Russia,","Russian,","Good Story Media,",,,,Color,,,5.6/10,35,,,
The Girl from Beaver Valley,,"Mike Gage,","Mike Gage,","Romance,",,,"France,Monaco,United States,",,,,,1h 33min,Color,,,,,,,
"Papa, Come Home","Stars,Jack Lim,Jayden Sow,JieYing Tha,,","Nick Wong,","Nick Wong,","Drama,",,"December 7, 2017 (Malaysia)","Malaysia,","Cantonese,",,,,1h 49min,Color,,,,,,,
Never Gonna Let Me Down 2019,"Alorangel,","Angel,",,"Music,",,"September 5, 2019 (United States)","United States,","English,","EARecords,",,,,Color,,,,,,,
Àdepsic Rebours,"Stars,Gianni Alvino,Marco Cacciapuoti,Pietro Faiella,,","Amila Aliani,","Amila Aliani,","Drama,",,"January 10, 2017 (Italy)","Italy,","Italian,","Arifa Film,",,,1h 35min,,,,,,,,
Kaliyuga,"Swathi Deekhit,",,,"Drama,",,"December 6, 2019 (India)","India,","Telugu,","Balaji Silver Screens,",,,,Color,,,,,,,
A. D. D. A.,"Mikhail Safronov,","German Sadchenkov,","Dante Alighieri,Boris Zaytsev,",,,"September 1, 2020 (Italy)","Italy,","Russian,","Opera Assoluta,",,,,Color,,,,,,,
Kui Lei Ji,"Joe Cheng Yuan Chang,Her Nan,",,,"Adventure,",,"April 25, 2019 (China)","China,","Chinese,",,,,1h 12min,Color,,,,,,,
Saidi's Song,"Stars,Lola Laseinde,Rita Dominic,Anca Androne,,","Chike Kani Omo,",,"Drama,",,,"United States,","English,","Black Wing Productions,",,"$3,000,000 (estimated)",,Color,,,,,,,
Street Shadows,"Stars,Cory DeMeyers,Amanda Graeff,Sean Hampton,,","Jett Jansen,","Jett Jansen,","Action,",,"November 22, 2018 (Kuwait)","United States,","English,","Crash Site Films,",,,1h 20min,Color,,,6.8/10,16,,,
El estudiante 4,"Stars,Alan Ciangherotti,Alejandra Espinoza,Leonel González,,","Oscar Lopez,",,"Action,",,2014 (Mexico),"Mexico,","Spanish,","Frontera Films S.A.,",,,1h 32min,Color,,,,,,,
Kamikaze,"Stars,Piero Dáttole,Daniela Mosca Steinhauer,Silvina Motta,,","Sebastián Pérez Pérez,","Sebastián Pérez Pérez,","Comedy,",,"September 25, 2014 (Uruguay)","Uruguay,","Spanish,","McGuffin,","$2,016,156",,,Color,,,7.2/10,23,,,
Animal,"Stars,Zac Hersh,Emily Rice,Connor Pratt,,","James Rich,",,"Drama,Horror,Sport,",,,"United States,","English,",,,,1h 16min,Color,,,,,,,
You Make Me Feel So Young,"Stars,Justine Eister,Kymberly Walden,Ian Weintraub,,","Zach Weintraub,","Zach Weintraub,","Drama,",Unrated,"April 12, 2013 (Argentina)","United States,","English,",,,,1h 17min,Black and White,,1.78 : 1,6.1/10,22,1,,
To Topple an Empire,"Stars,Sean Patrick Flaherty,Maximiliano Miranda,Melanie Brynn,,","Curtis Melroe,","Curtis Melroe,","Crime,Drama,Thriller,",,2015 (United States),"United States,","English,","Dark Water Productions,",,"$49,000 (estimated)",1h 23min,Color,,,,,,,
Ra Mokhda Kievshi,"Stars,Biko Birbichadze,Merab Chikashvili,Khristo Filiev,,","Irakli Chkhikvadze,","Writers,Tea Abashmadze,Misha Bagsoliani,Zaza Koshkadze,,","Comedy,",,"June 13, 2013 (Georgia)","Georgia,","Georgian,","LightBank,",,"GEL 180,000 (estimated)",1h 18min,Color,,,6.1/10,28,,,
Blood Lots,"Stars,Beste Ay,Hadzic Dzenana,Rode Ferland,,","Rode Ferland,","Ceylin Yildiz,","Horror,",,"April 19, 2019 (Turkey)","Turkey,","Turkish,",,,,,Color,,,,,,,
John Caster,"Stars,Anthony Jones,Cory Mounce,London Rockwell,,","Anthony Jones,","Anthony Jones,","Action,Thriller,",,"September 2, 2016 (United States)","United States,","English,","Holy Mountain Productions,Rare Coin Media,",,,1h 2min,Color,,,,,,,
What About Daisy?,"Jason Satterlund,","Kathy Marson,","Kathy Marson,","Family,",,"April 15, 2012 (United States)","United States,","English,",,,"$50,000 (estimated)",56min,Color,,,,,,,
Arman. When the angels sleep,"Stars,Shadiyar Abdullaev,Zhuldyz Aydarbekova,Adrian Makarov,,","Rashid Suleimenov,","Rashid Suleimenov,","Drama,",,"October 12, 2017 (Kazakhstan)","Kazakhstan,","Russian,",,,"$250,000 (estimated)",1h 27min,,,,,,,,
A Secret,,"Gloria Bali,Xiaohua Luo,",,"Drama,",,,"China,","Chinese,",,,,1h 37min,Color,,,,,,,
Meld,,"Benedict Mason,","Benedict Mason,","Music,",,"June 24, 2016 (United Kingdom)","United Kingdom,","English,","The Space,",,,45min,Color,,16 : 9,,,,,
Autumnal Sleeps,"Stars,Ambra Gatto Bergamasco,Natasha Everitt,Henrik Gard,,","Michael Higgins,","Michael Higgins,","Drama,",,"December 6, 2019 (Ireland)","Ireland,","English,","Experimental Film Society,",,"€17,000 (estimated)",1h 15min,Color,"Stereo,",1.37 : 1,6.4/10,15,1,,
B O A R,,"Elijahwan Butler,","Elijahwan Butler,","Horror,Music,",,"May 28, 2020 (United States)","United States,","English,",,,,1h,Color,,,,,,,
In Medias Res,"Stars,Keith Stahle,Craig Leibowitz,Melanie Cruz,,","Joe Perry,","Joe Perry,","Thriller,",,,"United States,","English,","Strange Bela Entertainment,",,,1h 30min,Color,,,7.5/10,15,,,
Travesty of the Multiverse,"Stars,Kyle Cropper,Rhys Cropper,Daniel Isaac,,","Rhys Cropper,Daniel Isaac,","Kyle Cropper,Rhys Cropper,Daniel Isaac,","Adventure,Comedy,Sci-Fi,",,"January 19, 2019 (Australia)","Australia,","English,","Mojofilms Productions,RC Films Productions,",,A$200 (estimated),2h 11min,Color,,,,,,,
A Blossom of Love in Gannan,"Deji,Huailong Li,","Liqiang Gao,","Bensheng Li,Moyong Xiao,","Romance,",,2013 (China),"China,","Chinese,",,,,,Color,,,,,,,
Milo's Monster School Vlog 2 - Super Simple,"Andy Hayward,","Brett Jubinville,","Pammy Salmon,","Family,",,"January 1, 2019 (United States)","Canada,",,"Skyship Entertainment,",,,1h 8min,Color,,,,,,,
Sal,"Stars,Poonam Chavan,Mukesh Gaikwad,Umesh Mitkari,,","Durgesh Golipkar,Ravindra Honrao,","Ravindra Honrao,","Drama,",,"April 8, 2016 (India)","India,","Marathi,",,,,,Color,,,,,,,
Rewind,"Stars,Cesare Bocci,Barbara Bouchet,Massimo Dapporto,,","Massimo Spano,","Alfredo Mazzara,Massimo Spano,","Drama,",,2011 (Italy),"Italy,","Italian,","Azteca Produzioni,",,,,,,16:9 HD,,,,,
A Killing Day,"Stars,Peter Hart,Anmarie Soucie,Matty Daniell,,","Gino Gianoli,","Gino Gianoli,","Crime,Drama,Thriller,",Not Rated,"April 4, 2016 (United States)","United States,","English,","Malanoche Productions,",,,1h 33min,Color,,2.35 : 1,,,,,
Unredeemed,"Stars,Eddie Zengeni,Bruce McGuire,Michele Albini,,","Daniele Barillà,","Eddie Zengeni,","Crime,",,"July 7, 2018 (Italy)","Italy,","English,","Zengeni Productions,",,"£50,000 (estimated)",1h 48min,Color,,,,,,,
Demons of the inner universe,,"Jha Nitesh,","Manish Jha,Pradeep Jha,Samarth Lahri,","Sci-Fi,Thriller,",,"May 5, 2020 (India)","India,","Hindi,",,,"₹6,000,000 (estimated)",1h 30min,Color,,16 : 9,,,,,
VWaR,"Stars,Julien Cosquéric,Delphine Sartiaux,Patrick Boucher,,","Martin Ziegler,","Martin Ziegler,","Drama,",,"February 3, 2016 (France)","France,","English,","Apax Films,",,,1h 10min,Color,,,,,,,
Waterproof,"Stars,Joel Hewett,Lauren Dunlop,Lewis Skelly,,","Joel Hewett,","Joel Hewett,","Comedy,Romance,",,2018 (United Kingdom),"United Kingdom,","English,","Fingerclick Productions,",,"£1,500 (estimated)",1h 13min,Black and White,,,,,,,
Chelsea vs Tottenham Hotspur,,,,"Sport,",,"November 26, 2016 (United Kingdom)","United Kingdom,",,,,,1h 30min,Color,,,,,,,
The 7th,"Stars,Michael James Anders,Michael D. Arite,Ericka Black,,","Rayden Walker,",,,,"May 2, 2019 (United States)",,,,,,,,,,,,,,
El Fausto Criollo,"Stars,Juliana Bertone,Valentino del Potro,Omar Fanucci,,","Fernando Birri,","Fernando Birri,Estanislao Del Campo,Agustín Falco,","Fantasy,",,"September 1, 2011 (Argentina)","Argentina,","Spanish,",,,"ARS 1,110 (estimated)",1h 27min,,,,6.7/10,10,,,
Leeds,"Stars,Dylan Ashe Dwyer,Ilissa Jackson,John Rosado,,","Sam Mitchell,","Josh Mitchell,Sam Mitchell,","Horror,",,"January 1, 2016 (United States)","United States,","English,","2nd Place Studios,Terrible Films,",,,,Color,"Stereo,",1.66 : 1,,,,,
Sei kazoku - yamatoji,"Stars,Jin Katagiri,Sayuri Iwata,Inori Imamura,,","Masatoshi Akihara,","Tatsuo Hori,","Drama,",,"May 8, 2010 (Japan)","Japan,","Japanese,","Kaerucafe Digital Movie Company,",,,1h 15min,Color,,,,,,,
Boy & Dog,"Haskell V. Anderson III,Elizabeth Liang,Akira Nakamoto Bradley,","Rod Bradley,","Rod Bradley,","Family,",,,"United States,","English,","Streetlight Cinema,",,"$200,000 (estimated)",1h 30min,Color,,,,,,,
Rampur Ke Laxman,"Stars,Divyaa Dwivedi,Sikandar Kharbanda,Ravi Kishan,,","Harry Pharnadish,",,"Action,",,"January 1, 2013 (India)","India,","Bhojpuri,",,,,,Color,,,,,,,
The Church ... A Hospital?,"Stars,Michael Ferraro,Abigail Hamilton,Elvis Harry,,","John Alan Andrews,","John Alan Andrews,","Musical,",,"May 7, 2017 (United States)","United States,","English,","A L I Pictures,",,,2h,Color,,,,,,,
Martyr,"Loulou Avon Bashida,","Johan Knattrup Jensen,",,,,"October 22, 2020 (Denmark)","Denmark,","Danish,",,,,1h,Color,,,,,,,
45 Days,"Stars,Vincent DeFilippo,Danielle Lozeau,Tracey Dukes,,","Lucas Lee Graham,","Greg Monson,","Drama,",,"June 30, 2013 (United States)","United States,","English,","LBD Films,","$50,714","$20,000 (estimated)",45min,Color,,,,,,,
"Le pays des âmes, a jazz fable","Stars,Eve Duranceau,Philippe Battikha,Luc Proulx,,","Olivier Godin,","Olivier Godin,","Drama,Fantasy,Mystery,",,"October 16, 2011 (Canada)","Canada,","French,",,,,1h 20min,Color,,,6.3/10,7,3,,
Curse,"Josh Heine,",,,"Horror,",,,"United States,","English,",,,,1h 23min,Color,,,,,,,
El Origen de la Tristeza,"Stars,Joaquín Gorbea,Santiago Mehri,Maria Belén Szulz,,","Oscar Frenkel,","Pablo Ramos,",,,"September 20, 2018 (Argentina)","Argentina,","English,",,"$1,481",,1h 14min,Color,,,5.9/10,7,,,
Lalteen,"Stars,Keki Adhikari,Janak Bartaula,Shishir Bhandari,,",,,"Action,Drama,",,"June 9, 2017 (Nepal)","Nepal,","Nepali,",,,,,Color,,,4.2/10,9,1,,
The Argues: The Movie,"Stars,Rosslyn Abernethy,David Argue,Patricia Argue,,","Mark Hembrow,","Writers,David Argue,Patricia Argue,Mark Hembrow,,","Comedy,",,"November 16, 2010 (Australia)","Australia,","English,","David Hannay Productions,Egmond Pacific Entertainment,",,,1h 20min,Color,"Dolby Digital,",,7.3/10,6,,,
The Broken Legacy,"Stars,Barbara Bell,Joseph Bell,Rayne Bidder,,","Miguel Garzon Martinez,","Miguel Garzon Martinez,","Drama,Romance,",,July 2015 (United States),"United States,Colombia,","English,","Benevolent Pictures,Glix Entertainment,",,,1h 26min,Color,,,,,3,,
Pottkinder - Ein Heimatfilm,,"Alexander Waldhelm,","Alexander Waldhelm,","Comedy,",,"May 10, 2017 (Germany)","Germany,","German,","Pott Media,Pott Media,WorteWanderer,",,,,Color,,,,,,,
Crushed Lives - Il sesso dopo i figli,"Stars,Walter Leonardi,Nicoletta Romanoff,Bob Messini,,","Alessandro Colizzi,","Alessandro Colizzi,Silvia Cossu,","Comedy,",,"June 25, 2015 (Italy)","Italy,","Italian,","Film Daedalus,Regione Lazio,Sound On Studios,",,,1h 34min,Color,,2.35 : 1,5.2/10,27,,,
Love in Mandya,"Stars,Sathish Neenasam,Sindhu Loknath,Rajendra Karanth,,","Arasu Anthare,",,"Drama,",,"December 27, 2014 (India)","India,","Kannada,","Sri Venkateshwara Krupa Entertainers,",,,2h,Color,,,6.7/10,31,,,
Adventures of a Happy Homeless Man,"Stars,Felino Dolloso,Iwona Abramowicz,Eliza St John,,","Dicky Tanuwidjaya,","Dicky Tanuwidjaya,","Comedy,Drama,",,"July 18, 2016 (Australia)","Australia,","English,","Motion Arts,",,,1h 39min,Color,,1.78 : 1 / (high definition),6.9/10,10,5,,
Wojownicy Apokalipsy,"Stars,Pawel Derwisz,Michal Grzesik,Radoslaw Kuc,,","Dominik Wald,","Dominik Wald,","Drama,",,"July 16, 2018 (Poland)","Poland,","Polish,",,,,48min,Color,,,,,,,
One Year to Hell,"Stars,Scott M. Helling,Elizabeth Pietrzak,Joe Hammerstone,,","Drew Kochera,","Drew Kochera,","Drama,Horror,Thriller,",,"April 5, 2011 (United States)","United States,","English,","B B Productions,",,"$15,000 (estimated)",1h 38min,Color,,,,,,,
A Standing Still,"Stars,Sara Robbin,Katie O'Grady,Ted Rooney,,","Scott Ballard,","Scott Ballard,","Drama,",,"January 1, 2014 (United States)","United States,","English,","Bricker-Down Productions,Scott Ballard Films,",,,1h 15min,Color,,,5.5/10,14,,,
Innocent Crimes,"Stars,Venetia Grivas,Adrian Lloyd James,Kate Layden,,","Jonathan Green,","Jonathan Green,","Crime,Thriller,",,"October 1, 2011 (United Kingdom)","United Kingdom,","English,","Carpathian Films,",,,1h 37min,Black and White,"Stereo,",1.78 : 1,6.8/10,12,3,,
Above the Fire,"Stars,Teresa Abernethy,Emmanuel Barbe,Joe Burnette,,","Greg Paxton,","Greg Paxton,","Drama,",,,"United States,","English,","Greene Leaf Productions,Masque Entertainment,",,,1h 51min,Color,,,,,,,
Huli,"Kishore Kumar G.,Sadhu Kokila,Jennifer Kotwal,","Om Prakash Rao,",,"Drama,",,"December 17, 2010 (India)","India,","Kannada,",,,,,Color,,,,,,,
Amar Bodyguard,"Kanchan Mullick,Tapas Pal,Pratik,",,,"Romance,",Not Rated,"March 29, 2013 (India)","India,","Bengali,",,,,2h 30min,Color,,,,,,,
Lion Dancing,"Stars,Chia-Chia Peng,Hsiao-shun Hsu,Ke-Li Miao,,","Chia-Chia Peng,","Blanche Chiang,","Comedy,",,"January 24, 2014 (Taiwan)","Taiwan,","Min Nan,Mandarin,","Good Kids Entertainment,",,,1h 53min,Color,,,4.5/10,31,,,
Dragon Claw,"Stars,Jerry Ainsworth,Cory Bailey,Joshua Brandt,,","Curtis Everitt,","Curtis Everitt,Jeremy Hammack,","Action,",,"April 2, 2020 (United States)","United States,","English,","Saint Studios Films,",,$300 (estimated),46min,Color,,16:9 HD,,,,,
Zompyres: Texas,"Stars,Stefan Beck,Chase Burnett,Laura Dumas,,","Jordan Funderburk,","Matt Hulme,David Morgan,Caleb Quinones,","Action,Comedy,Drama,Horror,Sci-Fi,",Unrated,"August 13, 2010 (United States)","United States,","English,","Foox Productions,Reel Logic Films,",,"$10,000 (estimated)",1h 5min,Color,"Stereo,",,3.4/10,38,,,
Liverpool vs Sporting Lisbon,"Sporting C.P.,Liverpool F.C.,",,,"Sport,",,"July 25, 2019 (United States)","United States,","English,",,,,1h 30min,Color,,,,,,,
Nattskrik (El grito de la noche),"Stars,Javier Aparicio,Nacho Bozzolo,María Paula del Olmo,,","Fernando Basile,","Fernando Basile,Julia Kirszman,",,,October 2015 (Argentina),"Argentina,","Spanish,",,,,1h 3min,Color,,,,,,,
Little Psycho,"Stars,Sotiris Stefanidis,Argiris Ottas,Saleh Dimitris a El Ayed,,","Nick Samaras,","Nick Samaras,","Comedy,Drama,Fantasy,Horror,",,"January 17, 2013 (Mexico)","Greece,","Greek,","Crazy Greek Productions,",,,2h 3min,Color,,,4.0/10,13,,,
Lesser of Two Evils,"Stars,Michael C. Morello,Brendan Jordan,Harrison Unger,,","Harrison Reinwald,","Harrison Reinwald,","Comedy,",,"November 6, 2013 (United States)","United States,","English,",,,"$10,000 (estimated)",1h 40min,Color,,,,,,,
The Retelling,"Stars,Aaron Morgan,Jessica Looney,Richard McDermott,,","Emily Hagins,","Emily Hagins,","Horror,Mystery,",,"February 27, 2010 (United States)","United States,","English,","Cheesy Nuggets Productions,",,"$9,000 (estimated)",1h 30min,Color,,,6.8/10,32,,,
Un uomo e una voce - A Beniamino Gigli,"Stars,Stefano Gagliardi,Eraldo Turra,Edoardo Mandolini,,","Giuseppe Conti,","Giuseppe Conti,","Biography,Drama,",,"September 2, 2017 (Italy)","Italy,","Italian,","Contifilm,",,,,Color,,,,,,,
Dil Rangeela,"Stars,Ganesh,Rachita Ram,Rangayana Raghu,,","Preetham Gubbi,","Preetham Gubbi,Prashanth Rajappa,","Comedy,Romance,",,"March 7, 2014 (India)","India,","Kannada,","K Manju Cinemaas,",,,2h 8min,Color,,,6.5/10,48,1,,
Ashi Hi Amchi College Journey,"Stars,Mohini Avsare,Pradeep Bansode,Satish Bansode,,","Abhijit Sathe,",,"Drama,",,"February 2, 2018 (India)","India,","Marathi,","Balaji Film Creation,",,,,Color,,,,,,,
Samotari: Obnovena premiera po 20 letech,,,,,,"July 2, 2020 (Czech Republic)",,,,"$6,298",,,,,,,,,,
The Mother Eagle (Le Sang du pélican),"Stars,Karen Elkin,Louis Carrière,Karl-Patrice Dupuis,,","Denis Boivin,","Denis Boivin,","Biography,",,"October 5, 2020 (Canada)","Canada,","French,","Dionysos Productions,",,"CA$800,000 (estimated)",2h 7min,,,,,,2,,
6 To 6,"Stars,Aarohi,Vinay Ankola,Rama Aravind,,","S. Srinivas Shidlaghatta,","K. Venu Gopal,S. Srinivas Shidlaghatta,","Drama,",,"April 20, 2018 (India)","India,","Kannada,",,,,2h 4min,Color,,2.35 : 1,,,,,
Never Return,"Stars,Daren Ackerman,Doug Cartwright,Chelsea Guinn,,","Colton Long,Nikki McKay,","Colton Long,Nikki McKay,Brooke White,","Drama,Thriller,",,,"United States,","English,",,,,1h 39min,Color,"Stereo,",,,,,,
Piety,"Stars,Henry Crane,Johnny Dickie,Jack Mulvanerty,,","Jack Mulvanerty,","Henry Crane,Johnny Dickie,Jack Mulvanerty,","Horror,",Not Rated,2017 (United States),"United States,","English,",,,$450 (estimated),,Color,,,,,,,
From the Ashes,"Stars,Leslie Steele,Timothy Paul Taylor,Adam Hampton,,","Shawn Barfield,","Shawn Barfield,Timothy Paul Taylor,","Action,Adventure,Sci-Fi,",PG,"June 2, 2017 (United States)","United States,","English,","Barfield Productions,TPTFILMS Entertainment,WeerNProduction,",,,1h 22min,Color,,,,,,,
Matt Okine: Being Black N Chicken N Shit,"Matt Okine,Candice Storey,Marissa Wynne,","Les Bishop,","Matt Okine,","Comedy,",,"December 5, 2012 (Australia)","Australia,","English,","Hopscotch Entertainment,",,"A$10,000 (estimated)",,Color,,,,,,,
Khawar Malik,"Stars,Uzair Altaf,Todd Cahill,Rap Demon,,","Cal So Scoped,Wajahat Rauf,","Wajahat Mirza,","Music,",,June 2019 (Pakistan),"Pakistan,","Urdu,","Rex Media Group,Showcase Films,",,"PKR 80,000,000 (estimated)",,Black and White,,,,,,,
Nadie está loco,"Stars,Manuel Gutierrez,Federico J. Arioni,Lara Ammi Wheeler,,","Federico J. Arioni,","Federico J. Arioni,","Drama,Fantasy,",,"August 5, 2019 (Argentina)","Argentina,","Spanish,","Vendetta Furiosa,GLaM Entertainment,",,,1h 44min,,,2.39:1,,,,,
Rehmat Ali,"Stars,Mithun Chakraborty,Roopa Ganguly,Srikanta Manna,,",,,"Action,",Not Rated,2010 (India),"India,","Bengali,",,,,2h 7min,Color,,,4.9/10,12,,,
La estrella errante,,"Alberto Gracia,","Alberto Gracia,","Mystery,",,"November 14, 2018 (Spain)","Spain,","Spanish,","El Horlá producciones,El Viaje Films,Zeitun Films,",,,1h 7min,Color,,,6.2/10,10,2,,
Tobu Aporichito,"Stars,Indraneil Sengupta,Paoli Dam,Paran Banerjee,,","Swarup Ghosh,","Swarup Ghosh,","Drama,",,"September 2, 2016 (India)","India,","Bengali,",,,"₹15,000,000 (estimated)",2h 20min,Color,,,5.7/10,10,,,
RSJ,"Stars,Gabz Barker,Heather Cameron,Scott Glynn,,","Rob Walker,","Rob Walker,","Comedy,Crime,Thriller,",,,"United Kingdom,","English,",,,,1h 26min,Color,,,,,,,
Paddanandi Premalo Mari,"Krishna Murali Posani,Varun Sandesh,Vithika Sheru,","Mahesh Upputuri,",,"Drama,",,"February 14, 2015 (India)","India,","Telugu,",,,,,Color,,,,,,,
Confession of a Gangster,"Stars,Vanessa Alderete,Citlali Anton,Ivan Basso,,","Kenneth Castillo,","Kenneth Castillo,","Action,Crime,Drama,Romance,",,,"United States,Mexico,","English,","Plus Entertainment (+Entertainment),",,,1h 35min,Color,,,7.3/10,18,,,
Westernstory,"Stars,Petr Vondrácek,Pavel Zednícek,Mário Kubec,,","Vlastimil Peska,","Vlastimil Peska,","Comedy,",,"May 18, 2011 (Czech Republic)","Czech Republic,","Czech,","Bontonfilm,","$62,507","CZK 30,000,000 (estimated)",1h 34min,Color,,,3.3/10,33,,,
The Grass Is Greener,,,,,,"October 3, 2010 (South Korea)",,,,"$2,530",,,,,,,,,,
Straight from the Heart,,"Hendel Lohman,","Hendel Lohman,","Romance,",,"June 13, 2014 (United States)","United States,","English,","GoulartMedia,",,"$6,500,000 (estimated)",1h 48min,Color,,16:9 HD,,,,,
Chiraq 3 The Movie,"J.T. The Bigga Figga,Damieon Guidry,Anthony Holmes,","Phil El Guapo Banks,","Philip Banks,","Crime,",,"March 30, 2018 (United States)","United States,","English,","Guapo Films,",,"$10,000 (estimated)",1h 5min,,,,,,,,
Building Butterflies,"Stars,Mark Wilson,Terry Bookhart,Saul Rollason,,","Ami Wilson,","Mark Wilson,","Drama,",,,"United States,","English,","LUCA Films,",,,1h 59min,Color,,,,,,,
Kadhalar Kudiyiruppu,"Stars,Avinash,Sonu Gowda,Saranya Ponvannan,,","A.M.R. Ramesh,",,"Romance,",,"February 18, 2011 (India)","India,","Tamil,",,,,,Color,,,,,,,
Lara,"Christiane Paul,Benno Fürmann,Stefan Weinert,","Bernd Schadewald,","Franz Manfred Liersch,","Drama,",,2012 (Germany),"Germany,","German,","Em & Cox,",,,,Color,,,,,,,
"Kagayake, sebone","Stars,Ayano Akutsu,Saori Anzai,Hirotoshi Hattori,,","Yasuhisa Yasaku,","Nobuyuki Hashimoto,Yasuhisa Yasaku,","Drama,Romance,",,2011 (Japan),"Japan,","Japanese,",,,,1h 10min,Color,,,,,,,
Lovestruck Pancho,"Stars,Kelly McRorie,Luis Vargas,Catherine Trail,,","Duncan St. Clair,","Duncan St. Clair,","Comedy,",,"September 16, 2011 (United States)","United States,","English,","Biggest Bros. Productions,",,,1h 15min,Color,,16:9 HD,4.3/10,9,,,
Nallavan,"Stars,Kollam Ajith,Bijukuttan,Anoop Chandran,,","Aji John,","Aji John,Ajith Nambyar,","Drama,",,2010 (India),"India,","Malayalam,","Bethestha Productions,",,,2h 12min,Color,,2.35 : 1,2.8/10,38,1,,
Der letzte Autrag,"Stars,Pia Constantin,Jörn Guido,Mello Hakopians,,","José Hidalgo,","José Hidalgo,","Musical,",,"October 11, 2014 (Germany)","Germany,","German,","Kindheitstraum(a),",,"€5,400 (estimated)",1h,Color,,16:9 HD,8.7/10,31,,,
Torinoko Shiti,"Stars,Nina Yamazaki,Yûki Tamaki,Shôta Takasaki,,","Hiroki Yamaguchi,",,"Drama,Sci-Fi,",,"December 23, 2017 (Japan)","Japan,","Japanese,","iLink,",,,1h 10min,Color,,,5.2/10,6,,,
Tucson,"Stars,Ian James,Noémie Gilbert,Michael Daylight,,","Noémie Gilbert,","Noémie Gilbert,","Drama,",,"May 27, 2014 (United States)","Canada,United States,","English,",,,,1h 4min,Color,,,,,,,
The Right Path,"Stars,Lusvaata Jeremiah,Alex Kakooza,Mukisa Prosie Kenisha,,",,"Mukisa Prosie Kenisha,","Drama,",,"November 30, 2018 (Uganda)","Uganda,","English,","Glorious Motion Pictures,",,"$2,000 (estimated)",1h,Color,,,,,,,
Quaint,,"Bradley Magner,","Bradley Magner,","Horror,",,2012 (United States),"United States,","English,","Lost Marbles Entertainment,",,,,Color,,,,,,,
Honor Box,"Stars,Frank Piciullo,David Cuddy,Annabelle Borke,,","David Cuddy,Michael Reilly,","David Cuddy,Michael Reilly,","Comedy,Drama,",,"February 3, 2015 (United States)","United States,","English,",,,,1h 35min,Color,,,,,,,
Fay ce que vouldras,,"Stéphane Sinde,",,,,"July 3, 2014 (France)","France,","French,","Atopic films,Brouillon d'Un Rêve de la SCAM,",,,1h,Color,,,,,,,
L'incrédule,"Stars,Léo Arguello,Marcelo Arroyo,Francesca Barcenas,,","Federico Hidalgo,","Federico Hidalgo,","Drama,",,,"Canada,","French,Spanish,","Another City,GreenGround Productions,",,,1h 35min,Color,"6-Track Stereo,",2.35 : 1,,,1,,
Shôten no daishô: Anata no inai yoru,"Stars,Natsumi Horiguchi,Kotomi Asakura,Yuria Mano,,","Kinya Ogawa,","Kinya Ogawa,",,,"October 21, 2016 (Japan)","Japan,","Japanese,","OK Promotion,",,,,Color,,,,,,,
Maya Bhavanam,"Mamatha Rahuth,","Om Sri Kannaji,",,"Drama,",,"July 20, 2018 (India)","India,","Tamil,","Ham-Sham Studios,",,,,Color,,,,,,,
Besieged,,"Joey Harlow,","Greg Halster,","Action,",,"March 1, 2020 (United States)","United States,","English,","Joey Harlow Productions,",,"$70,000 (estimated)",1h 41min,Color,,,,,,,
Nariman i ego bratya,"Stars,Yuriy Bykov,Roza Khayrullina,Grigoriy Sluzhitel,,","Elizaveta Bolycheva,","Elizaveta Bolycheva,","Drama,",,,"Russia,","Russian,",,,,1h 17min,Color,,,,,,,
En grav för Jimmy,"Stars,Nicklas Wallén,Matthias Nilsson,Ulrik Petersen,,","Dan Hejman,","Dan Hejman,Nicklas Wallén,","Horror,",,"August 9, 2012 (Sweden)","Sweden,","Swedish,",,,,1h 32min,Color,,,6.0/10,22,,,
Sunderland A.F.C. vs Liverpool Football Club,,,,"Sport,",,"September 15, 2012 (United Kingdom)","United Kingdom,",,,,,1h 30min,Color,,,,,,,
Antha V Chitram,"Ishika,Nikhil,","Jay Ram Kumar,Eswar Surapu,","Jay Ram Kumar,","Drama,",,"November 10, 2018 (India)","India,","Telugu,",,,"₹300,000 (estimated)",,Color,,,,,,,
Suset,"Stars,Joana Castro,Ana Laila,Graciela Muro,,","Santi Muro,","Graciela Muro,Santi Muro,","Drama,",,"October 4, 2020 (Mexico)","Mexico,","Spanish,","K34,",,"MX$2,000 (estimated)",1h 22min,Color,,16:9 HD,,,1,,
Displaced,"Stars,Mia Y. Anderson,Josh Atkinson,Pat Bishow,,","Josh Atkinson,","Josh Atkinson,","Horror,",,"October 2, 2020 (United States)","United States,","English,","N A,",,"$16,000 (estimated)",1h 42min,Color,"Stereo,",16:9 HD,,,6,,
Konvent,"Saidin Mido Salkic,","Saidin Mido Salkic,","Saidin Mido Salkic,","Drama,",,2010 (Australia),"Australia,","English,","Saidin Salkic Films,",,,54min,Color,,,,,5,,
Bardo,,"Agvaantseren Enkhtaivan,","Bayarmagnai Bayarmagnai,","Drama,Mystery,Thriller,",,"June 1, 2014 (Mongolia)","Mongolia,","Mongolian,","Idugan Entertainment,",,,,Color,,,,,,,
S'il se passe quelque chose,"Vincent Dedienne,","François Hanss,","Vincent Dedienne,","Comedy,",,"November 17, 2017 (France)","France,","French,",,,,,Color,,,6.7/10,15,,,
Da Big Zip,"Stars,Noah Alonzo,Dennis Episcopo,Avelino Esquivel,,","Nick Alonzo,","Nick Alonzo,Noah Alonzo,","Comedy,Drama,Music,",,2020 (United States),"United States,","English,","Cluck Productions,",,,1h 25min,Color,,,,,,,
Shades of Julia,"Stars,Patrick M.J. Finerty,Molly Leland,Donny Boaz,,","Directors,Aaron Blossom,Julian Doan,Kevin Hinman,,","Writers,Aaron Blossom,Julian Doan,Kevin Hinman,,","Drama,Mystery,Romance,Thriller,",,August 2012 (United States),"United States,","English,",,,,1h 30min,Color,,2.35 : 1,7.9/10,9,,,
Silence,"Stars,Faithia Balogun,Joseph Benjamin,Muka Ray Eyiwuni,,","Alex Mouth,","Say'd Lawal,Iyabo Ojo,",,,"January 9, 2016 (Nigeria)","Nigeria,","English,","Fespris Production,",,,,Color,,,,,,,
Candle In The Wind,"Stars,Tina Jetter,Joycelyn Reid,Maurice W.,,","Maurice W.,","Maurice W.,","Drama,",,"December 12, 2016 (United States)","United States,","English,",,,"$12,000 (estimated)",,Color,,,,,,,
Corruptissima,"Stars,Joseph Camilleri,Johnny Gilligan,Andrew Koblick,,","Andrew Koblick,",,"Crime,",,"June 7, 2019 (United States)","United States,","English,","Still Life Films,",,"$10,000 (estimated)",1h,Color,,,,,,,
Tunha Chalawan,,,,"Drama,",,2010 (Thailand),"Thailand,","Thai,",,,,1h 5min,Color,,,,,,,
Indie Film,"Stars,Nicholas Brendon,Kate Lister,Simon Fisher-Becker,,","Richard Summers-Calvert,","Richard Summers-Calvert,","Comedy,",,2017 (United Kingdom),"United Kingdom,","English,","Crucible Films,",,,,Color,,,,,,,
Her 40th,"Stars,Andis A. Blukis,B. Jennifer Low,Sophia A. Meneses,,","Marcello Montesanti,","Marcello Montesanti,","Drama,",,"July 7, 2019 (United States)","United States,","English,","Lumis Films,",,,1h 38min,Color,"Dolby Digital,",2.35 : 1,,,,,
Ang bagong pamilya ni Ponching,"Stars,Janus del Prado,Ketchup Eusebio,Lollie Mara,,","Inna Salazar Acuña,Dos Ocampo,","Inna Salazar Acuña,","Comedy,",,"August 6, 2016 (Philippines)","Philippines,","Filipino,Tagalog,English,","Sinematika,",,"$22,600 (estimated)",1h 38min,Color,"Stereo,",1.78 : 1 / (high definition),7.7/10,14,2,7,
Oh My God (II),,"Robbie Moffat,",,"Drama,",,2017 (United Kingdom),"United Kingdom,","English,","Palm Tree Pictures,",,,,Color,,,,,,,
The 4th Meeting,"Stars,David Bastian,Jamie Birkner,Nick Bonges,,","Josh MacNeal,","Josh MacNeal,Cy Weisman,","Comedy,Drama,",,"November 15, 2013 (United States)","United States,","English,","L.S.T.S. Productions,",,"$4,000 (estimated)",1h 9min,Color,"Stereo,",16:9 HD,,,,,
Poley Poley Urey Mon,"Stars,Gayatri Mahanta,Saurabh Hazarika,Ravi Sharma,,","Timothy Das Hanche,",,"Drama,",,"May 20, 2011 (India)","India,","Assamese,",,,,,Color,,,,,,,
Rattlesnake Kungfu,"Shuai Cao,Xiangdong Xu,Tong Yang,","Xinyi Liu,","Hao He,","Action,",,"April 5, 2015 (China)","China,","Chinese,","Beijing EraFilm,",,,,Color,,,,,,,
Vadkanvadászat,"Stars,Tamás Puskás,Szabolcs Bede Fazekas,Lajos Kovács,,","Róbert Pajer,","Róbert Pajer,András Porogi,","History,",,"May 18, 2018 (Hungary)","Hungary,","Hungarian,","FilmArt Kft,",,,1h,Color,,,,,,,
Ying xiong die xue,"Stars,Elanne Kong,Kai Chi Liu,Eric Tsang,,","Derek Chiu,","Mei Wang,","History,",,"November 16, 2011 (China)","Hong Kong,China,","Mandarin,","Pearl River Film Group,",,,1h 52min,Color,,,5.7/10,10,1,,
Crema Caserta,"Stars,Pasquale Marcellino Antunuccio,Tony Borlotti,Luciano Ricigliano,,","Jonathan Gottesmann,","Mela Boev,","Fantasy,",,"May 20, 2019 (Italy)","Italy,","Italian,","HippieColor Films,",,,1h 16min,Color,,16:9 HD,,,,,
Only Love Can Do This to Me,"Zhenghui Ling,Lucia Pang,Doudou Zhang,","Jie Li,",,"Romance,",,"January 11, 2019 (China)","China,","English,Mandarin,",,,,,Color,,,,,,,
Open Heaven/River Wild,,,"Writers,Benjamin Hastings,Joel Houston,Brooke Ligertwood,,","Music,",,"October 16, 2015 (Australia)","Australia,","English,",,,,,Color,,,,,,,
Lying Posture of a Lion,"Stars,Maya Samaha,Erica Leong,Blair Field,,","Andre Sanabria,","Andre Sanabria,","Horror,Thriller,",,,"United States,","English,","Excommunicate Industries,",,,49min,Black and White,,,3.2/10,16,1,,
Make This Day Come Alive! Platinum EP,"Alorangel,","Angel,",,"Music,",,"September 18, 2019 (United States)","United States,","English,","EARecords,",,,,Color,,,,,,,
The Teen Tech Team,"Stars,Yvette Araujo,Diane Baldwin,Tanya Marie A. Bitanga,,","Timothy Ingles,","Timothy Ingles,","Adventure,",,2016 (United States),"United States,","English,",,,"$2,000 (estimated)",2h,Color,"Stereo,",,,,,,
Ghost Walk: The Farm,"Stars,John Chiara,Alana Kaniewski,Leya Siri,,","Steve Olander,","Rocky Karlage,","Drama,Horror,Mystery,Thriller,",,August 2012 (United States),"United States,","English,","Ghost Walk Productions,Ghost Walk Studios,",,"$3,000 (estimated)",46min,Color,,,4.1/10,56,1,2,
Lola... drones,"Alex Praute,","Giovanni Patiño,",,,,"August 29, 2019 (Colombia)",,,,"$1,483",,2h 5min,,,,,,,,
Worse,"Stars,Tory Adkin,Torey Adkins,Paul Berciaga,,","Maureen Maundu,","Nick Malatia,","Comedy,",,2018 (United States),"United States,","English,",,,,,Color,,,,,,,
Exploited,"Jason Impey,Kaz B.,","Jason Impey,","Jason Impey,","Horror,",,August 2014 (United States),"United Kingdom,","English,","J.I. Productions,",,£500 (estimated),,Black and White,"Stereo,",1.78 : 1,6.0/10,7,2,,
Geoffrey Gilbert: Gentleman of the Flute,"William Bennett,Ian Clarke,James Galway,","Tami Salame,","Tami Salame,","Biography,",,"February 14, 2017 (United States)","United States,","English,",,,,57min,Color,,16 : 9,,,,,
The Guests,,"Ken Jacobs,",,,,"February 11, 2014 (Germany)","United States,","None,",,,,1h 13min,Black and White,"Dolby SR,",1.33 : 1,6.5/10,15,1,,
The Holocaust Years,,"Mark Bedrosian,","Mark Bedrosian,","History,",,"December 28, 2014 (United States)","United States,","English,","Heavenfire,",,"$150,000 (estimated)",,Black and White,,1.33 : 1,,,,,
"Too Little, Too Late","Stars,Kevin D. Benton,Jessica J. Immanuel,Tyrone Nathaniel Reeves,,",,"Jessica J. Immanuel,","Drama,",,"January 5, 2018 (United States)","United States,","English,","JaiProductions,",,"$2,000 (estimated)",1h,Color,,,,,,,
Neeru Kallaru (Water Thieves),,"Sathyanath,",,"Drama,",,,"India,","Kannada,",,,,,Black and White,,,,,,,
The Beast of Calvary Creek,"Stars,Joe Hammerstone,Kyle A. Lee,Natasha Laws Mick,,","Tim Becker,","Aaron Majewski,","Horror,",,"January 19, 2018 (United States)","United States,","English,","CMB Entertainment,Spare Ball,",,,,Color,,,,,,,
Veda Archana Sastry,"Stars,Brahmanandam,Lakshman Rao Kondavalasa,Krishnudu,,","Veeru. K.,",,,,"August 5, 2014 (India)","India,","Telugu,",,,,,Color,,2.39:1,,,,,
Xin xi you zhi Da zhan nu'er guo,"Stars,Wang Yong,Shan Guodong,Jinshan Dong,,","Dongwei Qin,","Qiaoxin He,Dongwei Qin,","Adventure,Fantasy,",,"January 23, 2017 (China)","China,","Mandarin,","Henan Weican Culture Communication,Huayi Brilliant Interntional Culture Media,",,,1h 30min,Color,,2.35 : 1,,,,,
Critical Moment,,"Yasufumi Minowa,",,,,"July 23, 2016 (Japan)","Japan,","Japanese,",,,,,Color,,,,,,,
Piotrek Trzynastego 2: Skórza Twarz,"Stars,Dawid Antkowiak,Przemyslaw Bluszcz,Justyna Boczulak,,","Piotr Matwiejczyk,","Piotr Matwiejczyk,","Comedy,Horror,",,"August 19, 2012 (Poland)","Poland,","Polish,","Alternativa,Exd' Art - Obrazy Bez Granic,Muflon Pictures,",,,1h 27min,Color,,,4.9/10,19,,,
"The Periphery Project, Vol. I","Eric Riedmann,","Steve Edmiston,","Writers,Anthony Anderson,Jacob Anderson,Steve Edmiston,,","Fantasy,Horror,Sci-Fi,",,,"United States,","English,","EKE Pictures,Invicta Media Group,",,,,Color,,,6.6/10,12,,,
Jelger de Goochelaar en de Schat van Nicolaas,"Stars,Jelger Dees,Walter Vermeer,Joost Prinsen,,","Jelger Dees,","Jelger Dees,","Comedy,Family,Fantasy,",,"November 23, 2019 (Netherlands)","Netherlands,","Dutch,","Dees Films,",,,1h 40min,Color,"Stereo,",16:9 HD,,,,,
Husky,"Stars,Dave Nemeth,Lex Woofer,Charlotte Kyle,,","Mikal Britt,","Mikal Britt,Norith Soth,","Drama,Fantasy,Romance,",,,"United States,","English,",,,,1h 16min,Color,,,,,,,
Mid-night,,,,,,"April 13, 2018 (China)","China,","English,",,"$126,654",,,Color,,,,,,,
Six Days,"Stars,Courtney Bowers,Matt Edwards,Brennan Marchant,,","Raa Marchant,","Raa Marchant,","Action,",,"August 11, 2015 (United Kingdom)","United Kingdom,","English,","Antisocial films,",,"£2,000 (estimated)",,Color,,,,,,,
The Onsen,"Stars,Avery Fane,Atsuko Kohata,Yukita Kusunoki,,","Haruka Orth,","Haruka Orth,","Mystery,",,"August 1, 2012 (Japan)","Japan,","Japanese,","Bridgevale,Rezonate Media,",,"$20,000 (estimated)",1h 16min,Color,,,,,,,
The Green Lady the Emma Green Story,"Stars,Jason Carter,Everette Dalton,Terrance Gooden,,","Kenneth l Hobbs,","Kenneth l Hobbs,","Thriller,",,"May 5, 2016 (United States)","United States,","English,","box office independent,",,"$50,000 (estimated)",1h 30min,,,,,,,,
M46 - Es begann in einem Bus,"Stars,Jonas Ulrich,Kamila Kepys,Katharina Witkowska,,","Lorna Johannsen,","Lorna Johannsen,","Drama,",,"September 22, 2014 (Germany)","Germany,","German,",,,"€10,000 (estimated)",1h 5min,Color,,,,,,,
Haru wo sagashite,"Stars,Taiga Koshiba,Natsuki Satô,Kazuki Hashimoto,,","Gen Ozeki,","Gen Ozeki,","Drama,",,"August 6, 2016 (Japan)","Japan,","Japanese,","Television Nagasaki,",,,1h 33min,Color,,,,,,,
Linha Ténue,"Stars,Cristina Carvalho,Tiago Dias,Giovanni Ciet,,","Tiago Dias,","Tiago Dias,","Crime,Drama,Horror,Thriller,",,September 2010 (Portugal),"Portugal,","Latin,Portuguese,Italian,","Broken Mirror Images,Instituto do Cinema, Audiovisual e Multimédia (ICAM),",,€100 (estimated),1h,Color,,,,,,,
Harijan (Bangla),"Stars,Mirza Afrin,Jayanto Chattopadhyay,Sristy Mirza,,","Mirza Sakhawat Hossain,","Mirza Sakhawat Hossain,","Drama,",,"November 7, 2014 (Bangladesh)","Bangladesh,","Bengali,",,,"BDT 10,000,000 (estimated)",2h 10min,Color,,16:9 HD,,,,,
The Empire Symbol,"Yong Hou,Ke Hu,Yueming Pan,","Tso Nam Lee,",,"Action,Adventure,",,"September 18, 2013 (China)","China,","Mandarin,","Loongs United Investment Company,",,,1h 33min,Color,,,4.4/10,9,,,
Tonight and the People,"Stars,Joseph Bastian,Curtis Tyrone Scott,Sumiko Braun,,","Neïl Beloufa,",,,,"July 5, 2013 (France)","France,","English,","Petit Film,Sysmic Films,Turtle Cove Pictures,",,,1h 20min,Color,,2.35 : 1,6.2/10,23,2,,
Shi xia baolì,"Stars,Shao-Chieh Lee,Ming-Yao Lu,Ying-Hsuan Hsieh,,","Hsin-Lung Chen,Che-I Liao,","Chun-Han Chang,Hsin-Lung Chen,Che-I Liao,","Drama,",,"November 21, 2014 (Taiwan)","Taiwan,","Mandarin,",,,,1h 30min,Color,,,5.0/10,7,,,
Maria Stock,"Stars,Jan Strejcovský,Kamila Trnková,David Novotný,,","Jan Brezina,","Jan Brezina,Marketa Jindrichova,","Drama,Mystery,Romance,",,"August 30, 2013 (Czech Republic)","Czech Republic,","Czech,","FAMU,",,,50min,Color,,2.39 : 1,7.2/10,10,1,,
Subybaya,"Stars,Bruna Chiaradia,Alexandre De Sena,Carlos Francisco,,","Leo Pyrata,","Ewerton Belico,Leo Pyrata,","Drama,",,2017 (Brazil),"Brazil,","Portuguese,","El Reno Fitas,",,"$15,000 (estimated)",1h 17min,,,1.37 : 1,,,,,
Chandini I Miss You,"Stars,Sabyasachi Misra,Priya Choudhury,Megha Ghosh,,","Basant Sahu,","Basant Raj Samal,Basant Sahu,","Comedy,Drama,Romance,",,"October 2, 2011 (India)","India,","Oriya,","Krishna Sai Cine Arts,Laxmi Puja,",,,2h 28min,Color,,,5.7/10,8,,,
Piénsalo mejor Amín,"Stars,Daniel Aurelio,Ramón Emilio Candelario,Miguel Ángel Martínez,,","Luis Corporán,","Luis Corporán,","Drama,",,"October 22, 2015 (Dominican Republic)","Dominican Republic,","Spanish,","Caballo de Troya,Escuela de Cine de la Universidad Autónoma de Santo Domingo (UASD),",,,,Color,,,,,,,
How to Survive a Scary Movie,"Stars,Tom Carroll Armstrong,Angela Bey,Garrett Bullock,,","Tom Carroll Armstrong,","Tom Carroll Armstrong,","Comedy,",,"February 26, 2018 (United States)","United States,","English,","Pseudo Psyche Productions,",,,55min,,,,,,,,
Arbo,"Stars,Verena Mueller,Milan Stodulka,Amina Hassan,,","Jo Danieli,","Jo Danieli,","Adventure,Crime,Drama,",,,"United States,Austria,","German,",,,,1h 15min,Color,,,,,,,
Dangerous Lies Vol. 3,"Stars,Jonathan Silvestri,Vanessa Grappa,Onufriiciuc Raluca Andreea,,","Tiziano Cella,","Tiziano Cella,","Thriller,",,,"Italy,","English,","Media Dab,",,,1h 30min,Color,"Stereo,",16:9 HD,,,,,
Spooked,"Stars,Vacea Blondelle,Matthew Fowler,Thomas Henegar,,","Omar Rogers,","Omar Rogers,","Thriller,",Not Rated,"October 7, 2017 (United States)","United States,","English,","Rogers Filmworks,",,,1h 28min,Color,"Stereo,",,,,,,
Tu hao 520,"Stars,Jing Li,Tianyu Ma,Francis Ng,,","Oi Wah Lam,",,"Comedy,Romance,",,"May 21, 2015 (China)","China,","Mandarin,","China Film Group Corporation (CFGC),","$5,100,000",,1h 42min,Color,,,3.5/10,23,,,
As You Were,"Stars,Jerome Chee,Eshley Gao,Josh Lai,,","Jiekai Liao,","Jiekai Liao,Gladys Ng,","Romance,",,"October 27, 2014 (Japan)","Singapore,","English,","13 Little Pictures,",,,1h 32min,Color,,,7.1/10,13,1,,
Dành cho tháng Sáu,"Stars,Quoc Trung Do,Huynh Anh Lê,Thien Tu Tran,,","Huu-Tuan Nguyen,","Huu-Tuan Nguyen,Hai Yen Tran Thi,","Romance,Sport,",,"May 25, 2012 (Vietnam)","Vietnam,","Vietnamese,","June Entertainment Co.,",,,1h 21min,Color,,2.35 : 1,7.7/10,77,,,
Private Security Officer: Los Angeles,"Stars,Mark Norris,Danilo Mancinelli,Kirk Bowman,,","Scott Buchanan,","Dale Buchanan,Scott Buchanan,","Action,Comedy,Crime,",Not Rated,"December 22, 2010 (United States)","United States,","English,","Drive Hard Productions,Mud Duck Music and Film,Far Out Movies,",,"$235,000 (estimated)",1h 24min,Color,"Stereo,",,7.0/10,19,,,
Ya umeyu vyazat,"Stars,Alina Khodzhevanova,Vladimir Svirskiy,Irina Gorbacheva,,","Sergey Ivanov,Nadezhda Stepanova,","Tatyana Bogatyreva,","Drama,",,"June 11, 2016 (Russia)","Russia,","Russian,","White Mirror Film Company,","$1,274",,1h 14min,Color,"Dolby Digital,",,6.4/10,15,1,,
Women in Horror,,"Belinda Green-Smith,","Belinda Green-Smith,","Horror,",,"May 22, 2010 (United Kingdom)","United Kingdom,","English,","Something Horrific,",,"£1,000 (estimated)",55min,Color,,,,,,,
Letter to Boston,,"Nicholas Nedelkopoulos,",,"Animation,",,"May 19, 2016 (Australia)","Australia,","None,",,,,1h 24min,Color,"Stereo,",,,,,,
Illusions of Cyn,"Stars,June Griffin Garcia,Matthew Carter,Bobby Haworth,,","R. Clay Ayers,","Robert W. Hazel,","Drama,",,2018 (United States),"United States,","English,",,,,1h 28min,Color,,,,,,,
The Slipper,"Hannie May,","Cheng Qian,",,"Horror,Thriller,",,"September 10, 2019 (United States)","United States,","English,",,,"$100,000 (estimated)",,Color,,,,,,,
Sebastian 2018,"Angelo Favreau,Bryson JonSteele,","Marvin Aguado,","Michael Mclaren,","Horror,",,"March 10, 2018 (United States)","United States,","English,",,,"$150,000 (estimated)",1h 30min,Color,"Dolby Digital,",,,,,,
Speed Love,"Stars,Eryk Stelmaszyk,Agnieszka Pawlak,Lukasz Burzynski,,","Marek Domagala,Rafal Jerzak,","Marek Domagala,","Comedy,",,"November 3, 2018 (Poland)","Poland,","Polish,","STA Prodakszyn,Urzad Miasta Poznania,",,,1h 2min,Color,,,,,,,
O Céu Sobre os Ombros,,,,,,"August 5, 2012 (Brazil)",,,,"$10,583",,,,,,,,,,
One Week in Windchocombe,"Stars,Emily Schooley,Kelly Ames,Mike Brighton,,","Jeffery J. Timbrell,","Jeffery J. Timbrell,","Horror,",,2011 (Canada),"Canada,","English,","Department 7,",,"CA$15,000 (estimated)",1h 50min,Color,,,5.8/10,13,,,
Exit Zero,"Stars,Ian Leitch,Justine Griffiths,Robert Foran,,","Joseph F. Ferro,","Joseph F. Ferro,","Drama,",,,"United States,","English,","Poser Productions,",,,1h 54min,Color,,,2.4/10,21,,,
Premleela,"Dipshikha Khadka,Mausam Khadka,Ali Khan,","Janak Pandey,","Dipshikha Khadka,","Romance,",,"February 22, 2019 (Nepal)","Nepal,","Nepali,",,,,,Color,,,,,,,
Tuin - the suspension bridge,"Stars,Parikxit Bikram Rana,Prisha Shrestha,Suraj Thapa,,","Utsav Pratap Thapaliya,","Mohan Gelal,Utsav Pratap Thapaliya,","Biography,",Passed,"April 16, 2018 (Nepal)","Nepal,","Nepali,",,,"NPR 3,000,000 (estimated)",1h 30min,Color,,,,,,,
It's a Dirty Game,"Stars,Tony Devon,Adam Ratcliffe,Stephen Stix Josey,,","Stephen Stix Josey,","Stephen Stix Josey,","Drama,",,2017 (United States),"United States,","English,","Stix Productions,",,"$50,000 (estimated)",,Color,,,,,,,
Tôkyô jôka: Furueru chikubi,"Stars,Misaki Enomoto,Riri Kuribayashi,Kana Suzuna,,","Hidekazu Takahara,","Hidekazu Takahara,Ayano Ukami,",,,"October 19, 2018 (Japan)","Japan,","Japanese,","Love Punk,",,,,Color,"Mono,",,,,,,
Indianoi se amerikaniki istoria,"Stars,Sofia Aroukatou,Yannis Bostantzoglou,Maria Drakopoulou,,","Dimitri Meletis,","Dimitri Meletis,","Comedy,",,,"Greece,","Greek,",,,,1h 30min,Color,,,,,,,
Maman Machan,"Abinitha,Ramesh Adithya,Vella Pandi Devar,","M. Jayarasu,","M. Jayarasu,","Drama,",Not Rated,"March 22, 2013 (India)","India,","Tamil,","Boss Pictures,",,,2h 30min,Color,,,,,,,
Into the West,"Jason Day-Boisvert,Edward P. Hatfield,A.J. Klassen,","Jason Day-Boisvert,",,"Drama,",,"July 28, 2014 (Canada)","Canada,","English,",,,,1h 44min,Color,,16 : 9,,,,,
The Echoes of Empire,"Stars,Ian Cullen,Stuart McGugan,Karl Moffatt,,","Mervyn Cumming,",,"War,",,"October 11, 2012 (United Kingdom)","United Kingdom,","English,","Digital Media Services (DMS),",,,1h 30min,Color,,,,,,,
9 to 12,"Stars,Nimisha Baby,Venkatesh Chakravarthy,Kishore Kumar G.,,","Ashok Patil,","Ashok Patil,","Drama,Musical,Thriller,",,,"India,","Hindi,",,,,1h 55min,Color,,,,,,,
Yadartha Prema Katha,"Nalini,Charan Raj,Suman Shetty,","Charanraj,",,"Drama,",,"May 25, 2012 (India)","India,","Telugu,",,,,,Color,,,,,,,
Black Cain,"Stars,Monica Anderson,Tasharrah Brown,Lee Lee Buffy,,","DeMarieo James,","DeMarieo James,","Action,Crime,Drama,",,"December 1, 2013 (United States)","United States,","English,","Sincere One Productions,",,"$75,000 (estimated)",1h 56min,Color(original version),,,8.2/10,5,,,
Guilty,"Stars,Johnny Bornstar Carter,Dijuan Markette,Colene Byrnes,,","Marcellus White,","Marcellus White,","Action,Drama,Thriller,",,"March 31, 2014 (United States)","United States,","English,Spanish,","Life Action Studios,",,"$10,000 (estimated)",,Color,,16:9 HD,,,,,
Family Business,"Stars,Kevin Barbaro,Shannon Burke,Eliza VanCort,,","Daniel Slottje,","Daniel Slottje,","Drama,",,,"United States,","English,",,,,1h 20min,Color,,,,,,,
In Extremis (Stageplay),"Fabienne Carat,Stéphane Henon,","Laurence Genou,","Laurence Genou,","Thriller,",,"December 2, 2010 (France)","France,","French,",,,,1h 30min,Color,,,,,,,
Women Soldiers,,,,,,"September 22, 2017 (China)","China,","English,",,"$63,297",,,Color,,,,,,,
Rouge amargo,"Stars,Mariana Barrandeguy,Martín Borisenko,Fernando Caride,,","Gustavo Cova,","Writers,Gustavo Cova,Ana Halabe,Horacio Maldonado,,",,,"May 23, 2013 (Argentina)","Argentina,","Spanish,","Filmabonito,","$59,203",,,Color,,,5.5/10,50,,,
Te Don Diwas,"Alka Kubal Athalye,Mohan Joshi,Arun Nalawade,","Devendra Dodke,","Devendra Belankar,","Drama,",,"April 17, 2015 (India)","India,","Marathi,","Shiv Sai Entertainment,",,,1h 56min,Color,,,,,,,
Satisfaction,"Stars,Donald Chartruce Calliste,Elliott 'Lee' Cowart,Richard Holland,,","Gene Patterson,","Gene Patterson,","Drama,",,,"United States,","English,",,,,1h 9min,Color,,,,,,,
Witness: El Testigo,"Stars,Jose A. Manuel,Gil Sanabria,Melissa Serrano Flores,,","Andres Ramirez,","Jose A. Manuel,Andres Ramirez,","Action,Comedy,",,"November 10, 2011 (Puerto Rico)","Puerto Rico,","Spanish,","Non-Studios,",,"$100,000 (estimated)",1h 23min,,,2.35 : 1,4.9/10,39,2,,
Cruxman,"Stars,Luigi Vitale,Aaron Stielstra,Fabrizio Grassi,,","Filippo Grilli,","Filippo Grilli,","Action,Comedy,Family,",,"January 19, 2018 (Italy)","Italy,","Italian,",,,"€20,000 (estimated)",2h 5min,Color,"Dolby Digital,",2.35 : 1,6.8/10,10,1,,
M: P4RT II- the Documentary,"Stars,Marcel Manuel Alonzo,Nate A. Delucca,Paul Stephen Edwards,,","Alex C. James,","Alex C. James,","Horror,",,"July 5, 2020 (United States)","United States,","English,","BL4KM4SS,",,$500 (estimated),52min,Color,,,,,,,
Tan qian shuo ai,"Stars,Zhi Zhou,Yun Jin Cao,Daniel Hiu Tung Chan,,","Hongkai Sun,Jinqi Hu,Xinyuan Zhang,","Writers,Hongkai Sun,Rong Wan,Wanli Yangfan,,","Comedy,",,"February 21, 2016 (China)","China,","Mandarin,","iQIYI Motion Pictures,","$329,555",,1h 30min,Color,,,,,1,,
Dragon Warrior: Compass of Astral Seal,,,,,,"June 5, 2016 (China)",,,,"$936,612",,,,,,,,,,
I Work,"Stars,Tom Bridger,Michael Henry,Charles Cromwell,,","Michael Henry,","Michael Henry,","Comedy,",,"August 1, 2012 (United Kingdom)","United Kingdom,","English,","Quandary Productions,",,£300 (estimated),1h 33min,Color,,,7.5/10,26,1,,
Confronto Inesperado,"Stars,Luis Lobato Macedo,Carolina Maya,Maria Luca,,","Luis Lobato Macedo,","Luis Lobato Macedo,","Crime,Drama,",,"March 8, 2019 (Portugal)","Portugal,","Portuguese,English,","Qvinto Imperio,",,"€4,800 (estimated)",1h 21min,,,,,,2,,
Markandeyan,"Stars,Appu k Sami,M.S. Bhaskar,Savika Chaiyadej,,","Fefsi Vijayan,","Fefsi Vijayan,",,,"July 29, 2011 (India)","India,","Tamil,","Mastermind Flims,",,,,Color,,,5.4/10,11,,,
Plan B,"Pedro Luis Cortés,Loretta García,Pedro Romero,","Luis Cerezo,",,"Thriller,",,2013 (Spain),"Spain,","Spanish,",,,,1h 26min,Color,,,3.5/10,7,,,
La fille de Montréal,"Stars,Réal Bossé,Amélie Grenier,Marie-Hélène Montpetit,,","Jeanne Crépeau,","Jeanne Crépeau,","Comedy,",,,"Canada,","French,",,,,1h 32min,Color,,1.85 : 1,6.9/10,20,,,
Overcast,"Stars,Perry Strong,Jeremy Michael Pereira,Natalie Polisson,,","Benjamin Zimbric,","Writers,Ada Lee Halofsky,Nick Huston,Paul Jarrett,,","Crime,Drama,Mystery,",,,"United States,","English,",,,,1h 28min,Color,,2:1,,,,,
"Liniers, la película","Stars,Guillermo Pfening,Ignacio Rogers,Ignacio Toselli,,","Marcelo Moresi,",,,,"January 12, 2011 (Argentina)","Argentina,","Spanish,",,,ARS 10 (estimated),,Black and White,,,,,,,
The Last Pupil,"Zhijun Zhao,Jingli LI,Changshan Lu,","Shigang Peng,","Shigang Peng,","Drama,Family,",,,"China,","Chinese,",,,,1h 10min,Color,,,,,,,
Adventure,"Tyler DeWitt,Amanda Diamond,","Mrigank Pandey,",,,,"October 9, 2019 (United States)","United States,","English,",,,,,Color,,,,,,,
DJ Aqeel in Sydney,,,,"Music,",,"June 3, 2020 (Australia)","Australia,","English,",,,"A$5,000 (estimated)",,Color,,,,,,,
Blessed Are the Children,,"Chris Moore,",,"Drama,Horror,Thriller,",,,"United States,","English,",,,,1h 42min,Color,,,,,,,
Game Changer,"Stars,Halimar Abubakar,Jibola Dabo,Ebele Okaro-Onyiuke,,","Ejike Chinedu Obim,",,"Drama,",,2015 (Nigeria),"Nigeria,","English,","Film House Productions,",,,1h 46min,Color,,,,,,,
Dagboken,,,,,,,,,,,,,,,,,,,,
Dos Veces Ana,"Stars,Elvira Valdes,George Alvarezzo,Yessler Cruz,,","Sergio Giral,","Armando Dorrego,Sergio Giral,","Drama,",,2010 (United States),"United States,","Spanish,",,,,,Color,,,,,,,
Brutally Tormented,"Stars,Joe Egan,Lamissah La-Shontae,Dean Williams,,","Ross Heath,Chris John Livermore,","Ross Heath,","Drama,",,"September 25, 2020 (United Kingdom)","United Kingdom,","English,",,,"£50,000 (estimated)",,Color,,,,,,,
Gavin Hook,"Stars,Charles D. Clark,Ronald Godfrey,Kimberly Newsome,,","Ton'e Brown,","Ton'e Brown,","Drama,",,"August 18, 2017 (United States)","United States,","English,","HCE Studios,Hayden Cinema Entertainment,",,"$10,000 (estimated)",,Color,,,,,,,
Paren s Marsa,"Stars,Sergey Abroskin,Igor Chernevich,Kseniya Kutepova,,","Sergey Osipyan,","Aleksandr Lungin,Sergey Osipyan,","Comedy,",,"May 5, 2011 (Russia)","Russia,","Russian,","TVINDIE Film Production,","$6,546","$2,000,000 (estimated)",1h 32min,Color,,,5.2/10,86,1,,
Blutsbrüder,"Stars,Michael Bednarczyk,Andi Behrend,Susanne Berner,,","Christian Borsutzki,","Christian Borsutzki,","Drama,",,"October 1, 2016 (Germany)","Germany,","German,",,,,2h 30min,Color,,,,,,,
Chelovek u okna,"Stars,Margarita Bychkova,Sergey Garmash,Sergey Kozik,,","Dmitriy Meskhiev,","Ilya Tilkin,","Drama,",,"December 16, 2010 (Russia)","Russia,","Russian,","Studiya Cherepakha,",,,1h 36min,Color,,,6.7/10,158,1,,
Cute Kitten Video (Please Watch),"Stars,Phil Dameron,Nick Quillen,Josh Luckenbach,,","Josh Luckenbach,Keaton Monger,","Josh Luckenbach,Keaton Monger,","Comedy,",,"May 1, 2012 (United States)","United States,","English,","We're Doing the Best We Can Productions,",,,1h 29min,Color,,,,,,,
Valse Mémoire,"Stars,John Columbus,Susie Cruz,Shandi Hampton,,","Kevin J. O'Neill,","Kevin J. O'Neill,","Comedy,",PG,"August 8, 2015 (United States)","United States,","English,","Olive Ranch Road Productions,",,"$200,000 (estimated)",,Color,,,,,,,
Sighthill,,"Darren Hercher,",,,,"January 10, 2017 (United Kingdom)","United Kingdom,","English,",,,,,Color,,,,,,,
Horizonte Bajo Fuego,"Stars,Luis Mayorga,Mary Paz,Jesús Robles,,","Omar Saldaña,","Omar Saldaña,","Western,",,"December 13, 2020 (United States)","Mexico,","Spanish,","PacoMar Films,",,,1h 33min,Color,,1.78 : 1 / (high definition),,,,,
Blood Wood,"Tony Devon,","Timothy F. O'Brien,","Timothy F. O'Brien,","Drama,Horror,Thriller,",,2018 (United States),"United States,","English,","Fanad Films,",,"$500,000 (estimated)",,Color,,,,,,,
Revisited,"Stars,Tonya Kunkel,Luke Fattorusso,Rachel Fanckboner,,","Kimberley Saylor,","Scott D. Edlin,","Horror,",,2011 (United States),"United States,","English,","Ball State University,",,,1h 10min,Color,,2.35 : 1,,,,,
All the love,"Stars,Barnaby Falls,Aunjhanae Gray,Pharoah Powell,,","Pharoah Powell,","Pharoah Powell,","Action,",,"July 15, 2020 (United States)","United States,","English,","Pharoah FIlmworks,",,"$38,000 (estimated)",,Color,,,,,,,
Premacha Rada,"Stars,Sunil Aurange,Jaiwant Bhalekar,Rajkamal Dandwate,,","Avadhut Kharade,","Mahesh Lohar,",,,"March 1, 2019 (India)","India,","Marathi,",,,,2h 12min,Color,,2.35 : 1,,,,,
The Ones You Love,"Stars,Monica Bojko,Daniel Burress,Avia Bushyhead,,","Daniel Burress,","Daniel Burress,","Drama,",,"September 6, 2013 (United States)","United States,","English,","NYFA,Oikos Films,",,"$250,000 (estimated)",1h 48min,Color,,,8.2/10,12,,,
Preethi Geethi Ityaadi,"Stars,Sangeetha Bhat,Vinaya Prasad,Rangayana Raghu,,","Viru Veerendra,","Yograj Bhat,","Drama,",,"June 13, 2014 (India)","India,","Kannada,",,,,2h,Color,,2.35 : 1,,,,,
Köstebekgiller: Perili Orman,"Stars,Inci Türkay,Asena Keskinci,Ege Yazar,,","Mustafa Kotan,",,"Family,",,"January 23, 2015 (Turkey)","Turkey,","Turkish,","Arzu Film,Siyahmarti Animation Studios,","$676,539",,,Color,,,4.2/10,89,,,
